{
  "name": "bh-main",
  "manifest": {
    "run_id": "20260325-122152-6-p1455",
    "model": "claude-sonnet-4-6",
    "git": {
      "sha": "d5dd8dea6069ef605590e8b47c67ee52f938ab59",
      "dirty": true
    },
    "simulator": {
      "udid": "8A501DF7-97A9-4825-B0AC-552743784E1D",
      "device": "Bench BH",
      "runtime": "iOS.26.0"
    },
    "app": {
      "bundle_id": "com.buttonheist.testapp",
      "port": 1455,
      "token": "INJECTED-TOKEN-12345"
    },
    "settings": {
      "max_turns": 80,
      "trials_per_cell": 3
    },
    "started": "2026-03-25T11:29:10Z"
  },
  "cells": [
    {
      "task": "T0-full-workflow",
      "config": "bh",
      "n": 3,
      "completed": 3,
      "correct": 3,
      "partial": 0,
      "turns": {
        "values": [
          18,
          29,
          27
        ],
        "mean": 24.666666666666668,
        "min": 18,
        "max": 29
      },
      "wall_s": {
        "values": [
          70,
          108,
          134
        ],
        "mean": 104
      },
      "context_tokens": {
        "values": [
          586210,
          1059862,
          841125
        ],
        "mean": 829065.6666666666
      },
      "output_tokens": {
        "values": [
          2430,
          3022,
          5456
        ],
        "mean": 3636
      },
      "cost_usd": {
        "values": [
          0.3121852500000001,
          0.5194221,
          0.4500024
        ],
        "total": 1.28160975
      }
    },
    {
      "task": "T0-full-workflow",
      "config": "bh-batch",
      "n": 3,
      "completed": 3,
      "correct": 3,
      "partial": 0,
      "turns": {
        "values": [
          12,
          9,
          10
        ],
        "mean": 10.333333333333334,
        "min": 9,
        "max": 12
      },
      "wall_s": {
        "values": [
          72,
          56,
          61
        ],
        "mean": 63
      },
      "context_tokens": {
        "values": [
          412202,
          306627,
          330330
        ],
        "mean": 349719.6666666667
      },
      "output_tokens": {
        "values": [
          2621,
          2014,
          2075
        ],
        "mean": 2236.6666666666665
      },
      "cost_usd": {
        "values": [
          0.32101005,
          0.2839884,
          0.2240796
        ],
        "total": 0.8290780499999999
      }
    },
    {
      "task": "T0-full-workflow",
      "config": "bh-expect",
      "n": 3,
      "completed": 3,
      "correct": 3,
      "partial": 0,
      "turns": {
        "values": [
          10,
          10,
          11
        ],
        "mean": 10.333333333333334,
        "min": 10,
        "max": 11
      },
      "wall_s": {
        "values": [
          81,
          70,
          70
        ],
        "mean": 73.66666666666667
      },
      "context_tokens": {
        "values": [
          330360,
          331744,
          356378
        ],
        "mean": 339494
      },
      "output_tokens": {
        "values": [
          3396,
          2327,
          2123
        ],
        "mean": 2615.3333333333335
      },
      "cost_usd": {
        "values": [
          0.256779,
          0.22944989999999998,
          0.23247869999999998
        ],
        "total": 0.7187075999999999
      }
    },
    {
      "task": "T1-calculator",
      "config": "bh",
      "n": 3,
      "completed": 3,
      "correct": 3,
      "partial": 0,
      "turns": {
        "values": [
          21,
          6,
          17
        ],
        "mean": 14.666666666666666,
        "min": 6,
        "max": 21
      },
      "wall_s": {
        "values": [
          125,
          28,
          53
        ],
        "mean": 68.66666666666667
      },
      "context_tokens": {
        "values": [
          620541,
          167595,
          504671
        ],
        "mean": 430935.6666666667
      },
      "output_tokens": {
        "values": [
          4339,
          1099,
          1482
        ],
        "mean": 2306.6666666666665
      },
      "cost_usd": {
        "values": [
          0.32915760000000005,
          0.17608155,
          0.229542
        ],
        "total": 0.7347811500000001
      }
    },
    {
      "task": "T1-calculator",
      "config": "bh-batch",
      "n": 3,
      "completed": 3,
      "correct": 3,
      "partial": 0,
      "turns": {
        "values": [
          5,
          5,
          5
        ],
        "mean": 5,
        "min": 5,
        "max": 5
      },
      "wall_s": {
        "values": [
          21,
          24,
          24
        ],
        "mean": 23
      },
      "context_tokens": {
        "values": [
          138641,
          138763,
          138655
        ],
        "mean": 138686.33333333334
      },
      "output_tokens": {
        "values": [
          836,
          916,
          824
        ],
        "mean": 858.6666666666666
      },
      "cost_usd": {
        "values": [
          0.16232444999999998,
          0.10848870000000001,
          0.11050905
        ],
        "total": 0.3813222
      }
    },
    {
      "task": "T1-calculator",
      "config": "bh-expect",
      "n": 3,
      "completed": 3,
      "correct": 3,
      "partial": 0,
      "turns": {
        "values": [
          5,
          5,
          5
        ],
        "mean": 5,
        "min": 5,
        "max": 5
      },
      "wall_s": {
        "values": [
          26,
          24,
          25
        ],
        "mean": 25
      },
      "context_tokens": {
        "values": [
          138874,
          139181,
          139017
        ],
        "mean": 139024
      },
      "output_tokens": {
        "values": [
          821,
          856,
          902
        ],
        "mean": 859.6666666666666
      },
      "cost_usd": {
        "values": [
          0.110685,
          0.11185755,
          0.10851015
        ],
        "total": 0.3310527
      }
    },
    {
      "task": "T2-todo-crud",
      "config": "bh",
      "n": 3,
      "completed": 3,
      "correct": 3,
      "partial": 0,
      "turns": {
        "values": [
          14,
          14,
          13
        ],
        "mean": 13.666666666666666,
        "min": 13,
        "max": 14
      },
      "wall_s": {
        "values": [
          55,
          50,
          49
        ],
        "mean": 51.333333333333336
      },
      "context_tokens": {
        "values": [
          422680,
          421141,
          391428
        ],
        "mean": 411749.6666666667
      },
      "output_tokens": {
        "values": [
          1633,
          1539,
          1608
        ],
        "mean": 1593.3333333333333
      },
      "cost_usd": {
        "values": [
          0.22014105,
          0.22031865000000003,
          0.21537104999999998
        ],
        "total": 0.65583075
      }
    },
    {
      "task": "T2-todo-crud",
      "config": "bh-batch",
      "n": 3,
      "completed": 3,
      "correct": 3,
      "partial": 0,
      "turns": {
        "values": [
          7,
          7,
          7
        ],
        "mean": 7,
        "min": 7,
        "max": 7
      },
      "wall_s": {
        "values": [
          37,
          41,
          74
        ],
        "mean": 50.666666666666664
      },
      "context_tokens": {
        "values": [
          208145,
          208133,
          208087
        ],
        "mean": 208121.66666666666
      },
      "output_tokens": {
        "values": [
          1177,
          1288,
          1328
        ],
        "mean": 1264.3333333333333
      },
      "cost_usd": {
        "values": [
          0.14762055,
          0.1496028,
          0.15405644999999998
        ],
        "total": 0.4512798
      }
    },
    {
      "task": "T2-todo-crud",
      "config": "bh-expect",
      "n": 3,
      "completed": 3,
      "correct": 3,
      "partial": 0,
      "turns": {
        "values": [
          6,
          8,
          10
        ],
        "mean": 8,