{
  "name": "idb-baseline",
  "manifest": {
    "run_id": "20260325-114337-6-p1456",
    "model": "claude-sonnet-4-6",
    "git": {
      "sha": "d5dd8dea6069ef605590e8b47c67ee52f938ab59",
      "dirty": true
    },
    "simulator": {
      "udid": "EF8A77E7-9EF0-4F70-A374-0FA334D91E59",
      "device": "Bench idb",
      "runtime": "iOS.26.2"
    },
    "app": {
      "bundle_id": "com.buttonheist.testapp",
      "port": 1456,
      "token": "INJECTED-TOKEN-12345"
    },
    "settings": {
      "max_turns": 80,
      "trials_per_cell": 3
    },
    "started": "2026-03-25T10:43:37Z"
  },
  "cells": [
    {
      "task": "T1-calculator",
      "config": "idb",
      "n": 3,
      "completed": 3,
      "correct": 3,
      "partial": 0,
      "turns": {
        "values": [
          23,
          26,
          20
        ],
        "mean": 23,
        "min": 20,
        "max": 26
      },
      "wall_s": {
        "values": [
          86,
          103,
          104
        ],
        "mean": 97.66666666666667
      },
      "context_tokens": {
        "values": [
          716103,
          814948,
          619614
        ],
        "mean": 716888.3333333334
      },
      "output_tokens": {
        "values": [
          3282,
          3864,
          3115
        ],
        "mean": 3420.3333333333335
      },
      "cost_usd": {
        "values": [
          0.33875084999999994,
          0.3801769499999999,
          0.30310965000000006
        ],
        "total": 1.02203745
      }
    },
    {
      "task": "T2-todo-crud",
      "config": "idb",
      "n": 3,
      "completed": 3,
      "correct": 3,
      "partial": 0,
      "turns": {
        "values": [
          35,
          36,
          39
        ],
        "mean": 36.666666666666664,
        "min": 35,
        "max": 39
      },
      "wall_s": {
        "values": [
          113,
          135,
          155
        ],
        "mean": 134.33333333333334
      },
      "context_tokens": {
        "values": [
          1125075,
          1155200,
          1264133
        ],
        "mean": 1181469.3333333333
      },
      "output_tokens": {
        "values": [
          4542,
          5148,
          5356
        ],
        "mean": 5015.333333333333
      },
      "cost_usd": {
        "values": [
          0.4857745499999999,
          0.51257805,
          0.5488966499999999
        ],
        "total": 1.5472492499999997
      }
    },
    {
      "task": "T3-settings-roundtrip",
      "config": "idb",
      "n": 3,
      "completed": 3,
      "correct": 3,
      "partial": 0,
      "turns": {
        "values": [
          28,
          40,
          24
        ],
        "mean": 30.666666666666668,
        "min": 24,
        "max": 40
      },
      "wall_s": {
        "values": [
          113,
          179,
          100
        ],
        "mean": 130.66666666666666
      },
      "context_tokens": {
        "values": [
          894628,
          1386536,
          762497
        ],
        "mean": 1014553.6666666666
      },
      "output_tokens": {
        "values": [
          4361,
          6588,
          3752
        ],
        "mean": 4900.333333333333
      },
      "cost_usd": {
        "values": [
          0.42921075,
          0.6299741999999999,
          0.377538
        ],
        "total": 1.4367229499999998
      }
    },
    {
      "task": "T0-full-workflow",
      "config": "idb",
      "n": 3,
      "completed": 3,
      "correct": 2,
      "turns": {
        "values": [
          54,
          71,
          26
        ],
        "mean": 50.333333333333336
      },
      "wall_s": {
        "values": [
          209,
          289,
          147
        ],
        "mean": 215
      }
    }
  ]
}
